{
  "IcoMoonType": "selection",
  "icons": [
    {
      "icon": {
        "paths": [
          "M0 153.6v102.4h1024v-102.4zM0 460.8v102.4h1024v-102.4zM0 768v102.4h1024v-102.4z"
        ],
        "attrs": [
          {}
        ],
        "isMulticolor": false,
        "isMulticolor2": false,
        "grid": 0,
        "tags": [
          "menu-burger"
        ],
        "colorPermutations": {
          "11911911912552552551": [
            {}
          ]
        }
      },
      "attrs": [
        {}
      ],
      "properties": {
        "order": 25,
        "id": 8,
        "name": "menu-burger",
        "prevSize": 32
      },
      "setIdx": 0,
      "setId": 4,
      "iconIdx": 0
    },
    {
      "icon": {
        "paths": [
          "M992 32l-960 960",
          "M192 32h800v800"
        ],
        "attrs": [
          {
            "fill": "none",
            "strokeLinejoin": "round",
            "strokeLinecap": "round",
            "strokeMiterlimit": "4",
            "strokeWidth": 64
          },
          {
            "fill": "none",
            "strokeLinejoin": "round",
            "strokeLinecap": "round",
            "strokeMiterlimit": "4",
            "strokeWidth": 64
          }
        ],
        "isMulticolor": false,
        "isMulticolor2": false,
        "grid": 0,
        "tags": [
          "application-arrow"
        ],
        "colorPermutations": {
          "11911911912552552551": [
            {
              "s": 0
            },
            {
              "s": 0
            }
          ]
        }
      },
      "attrs": [
        {
          "fill": "none",
          "strokeLinejoin": "round",
          "strokeLinecap": "round",
          "strokeMiterlimit": "4",
          "strokeWidth": 64
        },
        {
          "fill": "none",
          "strokeLinejoin": "round",
          "strokeLinecap": "round",
          "strokeMiterlimit": "4",
          "strokeWidth": 64
        }
      ],
      "properties": {
        "order": 26,
        "id": 7,
        "name": "application-arrow",
        "prevSize": 32
      },
      "setIdx": 0,
      "setId": 4,
      "iconIdx": 1
    },
    {
      "icon": {
        "paths": [
          "M503.17 1007.856c4.877 4.875 12.784 4.875 17.661 0l79.472-79.472c4.877-4.878 4.877-12.785 0-17.66-4.877-4.878-12.784-4.878-17.661 0l-70.642 70.641-70.642-70.641c-4.877-4.878-12.784-4.878-17.66 0-4.877 4.875-4.877 12.783 0 17.66l79.472 79.472zM499.512 0v999.024h24.976v-999.024l-24.976 0z"
        ],
        "attrs": [
          {
            "fill": "rgb(255, 255, 255)"
          }
        ],
        "isMulticolor": false,
        "isMulticolor2": false,
        "grid": 0,
        "tags": [
          "hero-arrow"
        ],
        "colorPermutations": {
          "11911911912552552551": [
            {
              "f": 1
            }
          ]
        }
      },
      "attrs": [
        {
          "fill": "rgb(255, 255, 255)"
        }
      ],
      "properties": {
        "order": 27,
        "id": 6,
        "name": "hero-arrow",
        "prevSize": 32
      },
      "setIdx": 0,
      "setId": 4,
      "iconIdx": 2
    },
    {
      "icon": {
        "paths": [
          "M678.339 887.467c-149.651 0-284.228-61.846-382.322-159.969s-159.483-232.305-159.483-382c0-31.471 13.982-59.662 35.829-78.893l85.422-81.296c9.394-9.178 22.065-14.642 36.048-14.642 18.133 0 34.081 9.178 43.476 23.165l86.731 121.288c6.12 8.523 9.615 19.013 9.615 30.378 0 15.514-6.994 29.72-17.698 39.335l-69.472 61.191c-9.614 9.615-17.697 23.163-17.697 39.335-0.218 38.461 28.401 91.348 73.406 136.366s97.874 73.649 136.325 73.431c15.947 0 29.713-8.086 39.325-17.702l61.389-69.277c9.612-10.926 23.596-17.702 39.325-17.702 11.36 0 21.63 3.495 30.368 9.615l121.248 86.76c13.984 9.397 23.159 25.347 23.159 43.486 0 13.988-5.461 26.662-14.418 36.058l-81.271 85.449c-19.664 21.634-47.845 35.622-79.305 35.622z"
        ],
        "attrs": [
          {
            "fill": "none",
            "stroke": "rgb(255, 255, 255)",
            "strokeLinejoin": "miter",
            "strokeLinecap": "butt",
            "strokeMiterlimit": "10",
            "strokeWidth": 34.13333333333333
          }
        ],
        "isMulticolor": false,
        "isMulticolor2": false,
        "grid": 0,
        "tags": [
          "icon_phon"
        ],
        "colorPermutations": {
          "11911911912552552551": [
            {
              "s": 1
            }
          ]
        }
      },
      "attrs": [
        {
          "fill": "none",
          "stroke": "rgb(255, 255, 255)",
          "strokeLinejoin": "miter",
          "strokeLinecap": "butt",
          "strokeMiterlimit": "10",
          "strokeWidth": 34.13333333333333
        }
      ],
      "properties": {
        "order": 28,
        "id": 5,
        "name": "phon",
        "prevSize": 32
      },
      "setIdx": 0,
      "setId": 4,
      "iconIdx": 3
    },
    {
      "icon": {
        "paths": [
          "M0 0h104.232v917.026h306.571v103.92h-410.804v-1020.946z",
          "M306.572 822.265h104.111v-204.818h101.046v-103.829h-101.046v-406.643h202.34v917.025h349.716c0 0 61.24-3.054 61.24-73.291v-886.518c0 0 3.063-61.076-67.363-61.076h-138.069v100.775h101.048v816.281h-202.217v-855.98c0 0-3.063-61.076-55.119-61.076h-306.633c0 0-48.993 9.161-48.993 61.076l-0.061 758.074z"
        ],
        "attrs": [
          {
            "fill": "rgb(255, 255, 255)"
          },
          {
            "fill": "rgb(255, 255, 255)"
          }
        ],
        "isMulticolor": false,
        "isMulticolor2": false,
        "grid": 0,
        "tags": [
          "logo"
        ],
        "colorPermutations": {
          "11911911912552552551": [
            {
              "f": 1
            },
            {
              "f": 1
            }
          ]
        }
      },
      "attrs": [
        {
          "fill": "rgb(255, 255, 255)"
        },
        {
          "fill": "rgb(255, 255, 255)"
        }
      ],
      "properties": {
        "order": 29,
        "id": 4,
        "name": "logo",
        "prevSize": 32
      },
      "setIdx": 0,
      "setId": 4,
      "iconIdx": 4
    },
    {
      "icon": {
        "paths": [
          "M931.147 1024l-418.816-419.21-418.821 419.21-93.51-93.452 419.478-418.548-419.478-418.55 93.51-93.45 418.821 419.21 418.816-418.552 92.853 92.792-418.82 418.55 418.82 418.548-92.853 93.452z"
        ],
        "attrs": [
          {
            "fill": "rgb(255, 255, 255)"
          }
        ],
        "isMulticolor": false,
        "isMulticolor2": false,
        "grid": 0,
        "tags": [
          "menu-cross"
        ],
        "colorPermutations": {
          "11911911912552552551": [
            {
              "f": 1
            }
          ]
        }
      },
      "attrs": [
        {
          "fill": "rgb(255, 255, 255)"
        }
      ],
      "properties": {
        "order": 30,
        "id": 2,
        "name": "menu-cross",
        "prevSize": 32
      },
      "setIdx": 0,
      "setId": 4,
      "iconIdx": 5
    },
    {
      "icon": {
        "paths": [
          "M81.9 741.652l434.447-434.449 434.447 434.449"
        ],
        "attrs": [
          {
            "fill": "none",
            "strokeLinejoin": "miter",
            "strokeLinecap": "butt",
            "strokeMiterlimit": "4",
            "strokeWidth": 102.4
          }
        ],
        "isMulticolor": false,
        "isMulticolor2": false,
        "grid": 0,
        "tags": [
          "page-up"
        ],
        "colorPermutations": {
          "11911911912552552551": [
            {
              "s": 0
            }
          ]
        }
      },
      "attrs": [
        {
          "fill": "none",
          "strokeLinejoin": "miter",
          "strokeLinecap": "butt",
          "strokeMiterlimit": "4",
          "strokeWidth": 102.4
        }
      ],
      "properties": {
        "order": 31,
        "id": 1,
        "name": "page-up",
        "prevSize": 32
      },
      "setIdx": 0,
      "setId": 4,
      "iconIdx": 6
    },
    {
      "icon": {
        "paths": [
          "M953.628 94.603c0-21.751-17.636-39.385-39.385-39.385h-354.462c-21.751 0-39.385 17.633-39.385 39.385s17.633 39.384 39.385 39.384h315.077v315.077c0 21.752 17.636 39.385 39.385 39.385s39.385-17.632 39.385-39.385v-354.461zM106.618 957.928l835.478-835.476-55.706-55.698-835.47 835.477 55.698 55.698z"
        ],
        "attrs": [
          {
            "fill": "rgb(119, 119, 119)"
          }
        ],
        "isMulticolor": false,
        "isMulticolor2": false,
        "grid": 0,
        "tags": [
          "project-arrow"
        ],
        "colorPermutations": {
          "11911911912552552551": [
            {
              "f": 0
            }
          ]
        }
      },
      "attrs": [
        {
          "fill": "rgb(119, 119, 119)"
        }
      ],
      "properties": {
        "order": 32,
        "id": 0,
        "name": "project-arrow",
        "prevSize": 32
      },
      "setIdx": 0,
      "setId": 4,
      "iconIdx": 7
    }
  ],
  "height": 1024,
  "preferences": {
    "showGlyphs": true,
    "showQuickUse": true,
    "showQuickUse2": true,
    "showSVGs": true,
    "fontPref": {
      "prefix": "icon-",
      "metadata": {
        "fontFamily": "icomoon"
      },
      "metrics": {
        "emSize": 1024,
        "baseline": 6.25,
        "whitespace": 50
      },
      "embed": false
    },
    "imagePref": {
      "prefix": "icon-",
      "png": false,
      "useClassSelector": false,
      "color": 0,
      "bgColor": 16777215,
      "classSelector": ".icon",
      "name": "icomoon",
      "height": 32,
      "columns": 16,
      "margin": 16,
      "numPrefix": false
    },
    "historySize": 50,
    "showCodes": true,
    "gridSize": 16,
    "showGrid": false
  }
}